PCB_ID,Voltage_V,Current_A,Resistance_Ohm,Temperature_C,Solder_Quality,Component_Alignment,Track_Quality,Solder_Type,Inspection_Status,Defect_Status
PCB0210,6.2,0.68,90.37,37.7,9.3,8.2,9.9,Average,Pass,Non-Defective
PCB0281,5.04,0.59,93.72,46.5,9.4,6.0,9.1,Average,Pass,Non-Defective
PCB0034,4.63,0.59,86.18,63.2,9.4,8.9,7.9,Good,Major_Issue,Non-Defective
PCB0211,5.2,0.58,123.71,52.0,7.3,6.6,9.0,Good,Pass,Non-Defective
PCB0094,4.89,0.4,121.05,47.5,6.1,6.7,10.0,Good,Pass,Non-Defective
PCB0085,4.72,0.41,112.27,32.9,6.3,7.5,7.3,Poor,Major_Issue,Defective
PCB0330,5.22,0.41,105.92,29.9,10.0,9.3,7.4,Average,Minor_Issue,Non-Defective
PCB0095,4.86,0.68,124.88,40.7,8.2,9.6,6.3,Good,Pass,Non-Defective
PCB0267,5.57,0.47,76.7,55.0,9.4,5.9,9.3,Average,Pass,Defective
PCB0127,4.65,0.3,89.94,31.5,7.2,6.7,8.7,Average,Minor_Issue,Non-Defective
PCB0010,5.19,0.56,83.9,55.7,7.6,9.4,6.5,Average,Pass,Non-Defective
PCB0362,5.54,0.51,141.24,33.3,8.4,6.4,7.0,Poor,Minor_Issue,Defective
PCB0057,4.71,0.49,85.02,55.1,8.2,7.6,7.3,Poor,Pass,Non-Defective
PCB0073,4.99,0.32,75.17,30.2,7.5,8.3,7.0,Good,Pass,Non-Defective
PCB0133,4.63,0.49,73.94,38.1,8.0,9.1,8.9,Average,Pass,Non-Defective
PCB0043,4.96,0.25,79.79,34.8,7.9,7.5,6.3,Good,Pass,Non-Defective
PCB0279,5.02,0.61,127.01,32.0,5.6,9.1,8.2,Good,Pass,Non-Defective
PCB0377,5.31,0.41,69.53,25.5,9.6,7.7,7.7,Average,Pass,Non-Defective
PCB0232,5.08,0.68,69.97,47.3,8.3,9.2,8.7,Average,Pass,Non-Defective
PCB0386,5.05,0.63,116.93,46.2,8.7,7.2,7.6,Good,Minor_Issue,Non-Defective
PCB0078,4.9,0.54,104.03,43.5,10.0,9.8,10.0,Good,Pass,Non-Defective
PCB0016,4.8,0.41,73.26,51.2,10.0,7.9,8.5,Average,Pass,Non-Defective
PCB0392,5.17,0.52,75.99,20.0,9.1,7.0,7.3,Good,Minor_Issue,Non-Defective
PCB0272,4.5,0.25,108.59,34.5,7.7,7.6,8.9,Good,Minor_Issue,Non-Defective
PCB0001,5.17,0.31,116.89,41.1,7.7,7.3,7.1,Good,Major_Issue,Non-Defective
PCB0397,4.4,0.5,99.65,45.6,8.0,7.0,8.9,Good,Minor_Issue,Defective
PCB0115,4.93,0.43,98.28,40.1,7.3,9.2,7.9,Average,Pass,Non-Defective
PCB0226,5.38,0.44,107.85,22.3,8.6,9.9,6.9,Good,Minor_Issue,Non-Defective
PCB0263,3.87,0.5,120.68,38.1,9.1,9.8,8.9,Good,Pass,Non-Defective
PCB0105,4.94,0.42,103.44,44.8,8.6,6.7,6.6,Good,Minor_Issue,Non-Defective
PCB0396,4.84,0.63,107.93,30.9,9.5,6.3,6.9,Good,Pass,Non-Defective
PCB0194,4.56,0.54,87.72,41.2,8.9,6.4,8.2,Good,Pass,Non-Defective
PCB0262,4.98,0.43,55.0,29.0,9.1,8.7,6.8,Good,Pass,Non-Defective
PCB0058,4.89,0.38,108.49,43.8,9.8,9.3,8.4,Poor,Pass,Non-Defective
PCB0233,5.02,0.48,107.19,47.7,9.3,5.6,8.4,Average,Pass,Defective
PCB0117,4.99,0.56,110.94,30.4,8.5,7.9,8.2,Good,Pass,Non-Defective
PCB0114,5.86,0.39,128.39,45.0,9.2,6.9,7.7,Good,Pass,Non-Defective
PCB0343,5.09,0.43,97.3,55.0,8.4,8.8,8.2,Average,Pass,Non-Defective
PCB0159,4.58,0.55,110.26,26.7,10.0,9.9,8.6,Good,Pass,Non-Defective
PCB0142,5.46,0.36,115.7,40.0,7.8,8.3,6.3,Good,Major_Issue,Non-Defective
PCB0382,4.79,0.34,125.06,50.3,6.1,7.0,7.2,Good,Pass,Non-Defective
PCB0056,5.33,0.4,89.73,29.1,7.6,7.1,10.0,Good,Pass,Non-Defective
PCB0077,5.03,0.57,90.68,60.9,9.7,9.0,7.8,Average,Minor_Issue,Defective
PCB0026,5.04,0.66,126.16,38.8,9.5,8.4,8.8,Good,Pass,Non-Defective
PCB0083,5.52,0.31,91.19,46.4,6.7,6.3,10.0,Good,Pass,Non-Defective
PCB0383,4.26,0.55,116.53,30.9,7.1,8.6,6.4,Good,Pass,Non-Defective
PCB0149,5.18,0.54,99.18,27.7,8.3,8.1,9.5,Good,Pass,Non-Defective
PCB0182,4.7,0.45,107.66,35.6,7.9,7.7,8.6,Good,Pass,Non-Defective
PCB0023,5.02,0.47,141.38,45.7,9.3,10.0,7.8,Average,Pass,Non-Defective
PCB0174,5.12,0.47,88.25,25.5,8.3,8.4,8.0,Poor,Pass,Non-Defective
PCB0047,4.84,0.54,105.21,40.3,7.7,8.2,8.5,Good,Pass,Non-Defective
PCB0322,5.21,0.29,121.37,45.2,9.0,9.2,7.4,Average,Pass,Non-Defective
PCB0339,5.14,0.7,110.75,29.5,9.5,8.2,10.0,Average,Pass,Non-Defective
PCB0071,5.13,0.47,96.81,49.8,7.7,9.5,9.6,Good,Pass,Non-Defective
PCB0375,5.75,0.57,86.43,44.2,8.0,9.7,7.4,Good,Pass,Non-Defective
PCB0040,5.07,0.49,96.15,54.7,6.5,5.9,5.9,Good,Pass,Defective
PCB0224,4.44,0.66,138.56,32.4,7.1,8.0,10.0,Poor,Major_Issue,Defective
PCB0173,4.97,0.54,115.13,27.7,7.1,7.8,7.7,Good,Minor_Issue,Non-Defective
PCB0031,4.79,0.36,75.8,35.0,8.7,9.2,8.9,Good,Pass,Non-Defective
PCB0153,4.76,0.64,77.47,44.9,7.1,8.2,10.0,Poor,Pass,Non-Defective
PCB0125,5.21,0.41,121.51,40.6,6.7,8.2,9.4,Good,Pass,Non-Defective
PCB0295,5.12,0.57,113.19,53.9,7.9,7.1,8.6,Poor,Pass,Non-Defective
PCB0256,4.83,0.51,87.91,24.2,7.1,8.7,9.3,Good,Pass,Non-Defective
PCB0079,5.03,0.87,99.7,41.7,9.4,8.0,6.2,Average,Pass,Non-Defective
PCB0102,4.85,0.73,92.92,48.9,8.7,7.0,9.5,Good,Pass,Non-Defective
PCB0032,5.65,0.26,83.46,27.7,6.8,6.9,6.7,Average,Pass,Defective
PCB0353,5.3,0.38,88.5,32.1,6.7,9.1,7.4,Average,Minor_Issue,Non-Defective
PCB0269,4.85,0.18,91.58,29.2,6.5,7.5,8.9,Good,Pass,Non-Defective
PCB0395,5.41,0.37,71.33,20.0,8.5,8.1,8.1,Average,Minor_Issue,Non-Defective
PCB0074,5.55,0.66,86.84,37.2,6.7,8.5,6.2,Good,Minor_Issue,Non-Defective
PCB0321,5.03,0.54,119.9,51.0,5.2,8.8,10.0,Good,Pass,Defective
PCB0141,5.08,0.6,76.95,41.4,7.9,8.4,7.1,Average,Pass,Non-Defective
PCB0006,4.92,0.57,94.43,40.4,6.7,8.5,10.0,Good,Pass,Non-Defective
PCB0046,4.75,0.58,108.86,29.0,8.6,9.7,8.5,Good,Pass,Non-Defective
PCB0389,5.33,0.49,109.9,32.6,7.1,9.4,7.5,Average,Pass,Non-Defective
PCB0247,4.83,0.18,111.74,35.2,9.8,7.0,7.6,Good,Pass,Non-Defective
PCB0228,4.62,0.48,102.16,30.1,10.0,7.4,9.1,Average,Pass,Non-Defective
PCB0370,4.73,0.72,115.36,35.2,9.6,9.8,7.8,Good,Major_Issue,Non-Defective
PCB0177,5.0,0.53,91.86,34.0,7.1,6.1,10.0,Good,Pass,Non-Defective
PCB0290,4.78,0.55,96.47,51.4,8.0,10.0,9.0,Good,Pass,Non-Defective
PCB0004,5.53,0.51,91.68,44.9,6.9,7.8,7.7,Good,Minor_Issue,Non-Defective
PCB0019,4.68,0.64,101.48,32.5,7.4,9.0,8.6,Good,Major_Issue,Non-Defective
PCB0203,5.38,0.6,101.07,50.7,7.0,9.1,7.2,Good,Pass,Non-Defective
PCB0251,4.56,0.72,88.74,42.8,7.1,8.0,6.8,Average,Pass,Non-Defective
PCB0275,4.66,0.33,117.93,32.9,9.8,6.8,6.7,Good,Pass,Non-Defective
PCB0064,4.58,0.53,132.33,31.7,7.1,8.1,6.4,Good,Pass,Non-Defective
PCB0249,5.62,0.47,126.58,51.1,9.4,8.0,8.1,Good,Minor_Issue,Non-Defective
PCB0302,4.8,0.63,55.0,35.0,7.5,6.9,9.6,Poor,Pass,Defective
PCB0109,5.09,0.51,111.62,49.8,7.8,7.8,6.2,Good,Pass,Non-Defective
PCB0091,5.03,0.5,114.77,43.5,8.8,8.6,8.1,Good,Pass,Non-Defective
PCB0234,4.77,0.45,111.65,34.8,8.4,9.4,8.5,Good,Pass,Non-Defective
PCB0336,4.95,0.56,117.35,25.6,5.9,8.9,7.4,Good,Pass,Defective
PCB0119,5.4,0.51,91.96,34.5,9.0,4.9,7.8,Good,Pass,Non-Defective
PCB0221,5.81,0.41,109.41,44.8,7.8,7.7,9.1,Good,Pass,Non-Defective
PCB0181,5.22,0.54,114.14,46.1,6.0,8.0,8.6,Good,Pass,Non-Defective
PCB0315,5.46,0.5,102.71,39.3,5.5,9.1,8.6,Good,Pass,Non-Defective
PCB0374,5.34,0.62,98.87,27.8,8.3,8.9,5.9,Good,Major_Issue,Defective
PCB0381,4.71,0.52,103.24,41.8,6.6,6.9,9.3,Good,Pass,Non-Defective
PCB0240,5.3,0.34,118.85,46.6,7.7,9.1,8.7,Good,Minor_Issue,Non-Defective
PCB0076,5.29,0.47,132.3,41.3,7.5,7.8,9.1,Average,Pass,Non-Defective
PCB0248,4.77,0.49,71.62,45.3,6.8,6.5,6.1,Good,Pass,Non-Defective
PCB0111,4.33,0.53,94.46,39.8,9.5,7.5,8.8,Good,Minor_Issue,Non-Defective
PCB0017,4.65,0.69,104.81,33.9,8.4,7.9,8.9,Average,Pass,Non-Defective
PCB0067,4.97,0.57,105.15,39.0,6.6,5.0,7.0,Average,Pass,Non-Defective
PCB0154,5.08,0.53,125.99,46.8,5.4,8.5,8.6,Average,Pass,Non-Defective
PCB0008,5.27,0.48,91.38,34.0,10.0,7.1,9.3,Good,Pass,Non-Defective
PCB0020,4.51,0.51,119.18,59.3,9.6,6.6,6.2,Good,Pass,Non-Defective
PCB0138,4.89,0.45,112.75,37.3,6.5,10.0,9.4,Good,Pass,Non-Defective
PCB0356,4.65,0.82,118.18,43.3,9.9,8.5,7.5,Good,Pass,Non-Defective
PCB0350,4.93,0.33,84.75,51.0,7.9,7.7,7.8,Good,Major_Issue,Non-Defective
PCB0132,5.02,0.3,133.86,51.0,7.5,8.2,6.8,Good,Minor_Issue,Non-Defective
PCB0388,5.66,0.56,95.96,36.7,8.7,7.0,6.3,Good,Pass,Non-Defective
PCB0293,4.79,0.37,113.1,34.9,7.4,8.3,8.0,Good,Pass,Non-Defective
PCB0387,5.12,0.6,82.32,41.6,9.0,7.9,7.0,Good,Pass,Non-Defective
PCB0298,5.11,0.35,64.03,50.9,10.0,10.0,6.3,Good,Major_Issue,Non-Defective
PCB0061,4.83,0.74,103.65,45.0,9.8,9.3,8.2,Good,Pass,Non-Defective
PCB0080,4.3,0.63,121.39,37.2,7.4,7.6,9.1,Good,Pass,Non-Defective
PCB0286,4.32,0.59,107.74,48.4,8.4,8.8,8.5,Good,Minor_Issue,Defective
PCB0306,5.04,0.57,81.28,35.9,8.6,10.0,9.6,Good,Pass,Non-Defective
PCB0282,5.23,0.36,93.71,36.6,10.0,7.3,7.7,Good,Minor_Issue,Non-Defective
PCB0158,5.17,0.45,108.22,43.5,9.3,7.8,8.1,Poor,Pass,Non-Defective
PCB0110,4.97,0.4,138.94,44.3,6.6,9.0,6.2,Good,Pass,Non-Defective
PCB0018,5.11,0.51,116.01,42.5,6.9,5.6,8.6,Average,Pass,Non-Defective
PCB0348,4.51,0.41,74.08,42.7,8.0,7.1,6.5,Average,Pass,Non-Defective
PCB0025,4.81,0.58,91.98,38.3,10.0,4.3,6.0,Good,Pass,Non-Defective
PCB0176,5.29,0.23,65.99,38.1,6.2,10.0,6.5,Good,Major_Issue,Defective
PCB0352,5.52,0.34,61.24,38.2,9.8,9.0,10.0,Good,Pass,Non-Defective
PCB0333,5.03,0.55,129.05,42.9,7.3,6.2,8.9,Average,Pass,Non-Defective
PCB0168,5.66,0.38,132.42,31.6,7.8,6.6,9.0,Good,Pass,Non-Defective
PCB0246,4.88,0.47,115.91,34.1,6.6,8.3,7.0,Good,Pass,Non-Defective
PCB0312,5.38,0.49,103.91,38.3,10.0,10.0,10.0,Good,Pass,Non-Defective
PCB0146,5.27,0.4,80.74,26.6,8.3,10.0,8.7,Average,Pass,Non-Defective
PCB0259,5.16,0.52,109.78,51.6,8.4,4.8,8.3,Average,Pass,Non-Defective
PCB0178,5.51,0.59,56.37,49.4,7.9,8.4,9.5,Good,Pass,Non-Defective
PCB0120,5.26,0.59,103.49,38.3,7.4,8.0,6.9,Good,Pass,Non-Defective
PCB0195,5.06,0.62,81.97,36.7,8.3,8.4,9.3,Average,Pass,Non-Defective
PCB0230,5.24,0.63,81.59,37.5,8.0,9.5,7.4,Good,Pass,Non-Defective
PCB0266,4.56,0.51,79.85,45.3,5.7,9.8,6.2,Average,Pass,Non-Defective
PCB0219,4.83,0.56,94.23,53.8,7.7,10.0,8.7,Good,Pass,Non-Defective
PCB0308,4.79,0.71,81.04,48.6,6.4,8.0,8.1,Average,Pass,Non-Defective
PCB0037,5.07,0.7,127.91,55.1,6.7,8.7,7.9,Good,Pass,Non-Defective
PCB0140,4.57,0.43,89.85,41.5,10.0,6.3,8.2,Good,Pass,Non-Defective
PCB0292,4.83,0.64,99.33,63.0,8.0,9.5,7.8,Good,Pass,Non-Defective
PCB0156,4.75,0.45,120.11,20.0,9.9,7.4,8.8,Good,Pass,Non-Defective
PCB0197,4.69,0.47,132.36,27.9,7.6,8.8,7.3,Good,Minor_Issue,Non-Defective
PCB0285,5.75,0.35,106.87,42.0,8.0,7.6,8.6,Poor,Pass,Defective
PCB0060,5.34,0.36,111.39,39.5,9.6,8.5,8.8,Good,Pass,Non-Defective
PCB0112,4.99,0.49,103.94,47.4,7.8,8.0,8.9,Good,Pass,Non-Defective
PCB0166,5.14,0.45,125.92,38.6,6.8,6.9,7.5,Good,Pass,Non-Defective
PCB0364,5.14,0.49,70.38,48.0,8.9,9.6,7.2,Good,Pass,Non-Defective
PCB0007,5.55,0.37,104.0,33.7,8.2,8.2,6.3,Good,Pass,Non-Defective
PCB0334,4.76,0.3,108.16,38.7,7.9,7.7,6.9,Poor,Pass,Non-Defective
PCB0276,5.16,0.41,91.11,45.8,10.0,6.8,5.4,Good,Pass,Defective
PCB0151,5.09,0.51,95.66,29.5,4.2,8.0,5.9,Good,Pass,Defective
PCB0011,4.84,0.59,96.64,28.8,7.6,6.1,9.2,Good,Pass,Non-Defective
PCB0193,5.07,0.56,95.55,58.1,7.8,10.0,8.0,Good,Minor_Issue,Defective
PCB0104,4.72,0.57,123.01,33.2,9.6,9.7,7.2,Good,Pass,Non-Defective
PCB0082,5.12,0.39,90.44,38.6,8.0,9.0,10.0,Good,Major_Issue,Non-Defective
PCB0317,5.24,0.51,143.26,53.6,6.9,9.3,9.0,Average,Minor_Issue,Defective
PCB0399,4.96,0.5,104.03,40.2,7.8,8.5,7.6,Good,Minor_Issue,Non-Defective
PCB0376,4.73,0.31,94.95,39.7,7.5,10.0,7.7,Average,Major_Issue,Non-Defective
PCB0209,5.18,0.29,118.89,37.1,5.8,7.8,9.4,Good,Pass,Non-Defective
PCB0287,4.95,0.47,118.55,27.2,6.9,9.2,8.8,Poor,Pass,Non-Defective
PCB0169,4.91,0.28,99.28,36.0,8.2,7.9,9.3,Good,Pass,Non-Defective
PCB0354,4.94,0.63,76.18,32.6,7.1,6.4,7.9,Good,Pass,Non-Defective
PCB0090,5.18,0.61,119.96,20.6,7.6,10.0,5.4,Average,Pass,Non-Defective
PCB0378,5.06,0.47,98.23,50.5,9.3,6.5,7.8,Good,Minor_Issue,Non-Defective
PCB0164,4.71,0.46,112.76,31.2,5.8,9.7,8.5,Good,Pass,Defective
PCB0148,4.54,0.48,87.55,48.4,8.7,7.1,7.3,Good,Pass,Non-Defective
PCB0229,4.75,0.51,111.04,38.0,7.9,5.8,7.5,Good,Pass,Non-Defective
PCB0093,4.75,0.51,119.2,39.9,9.2,9.0,7.4,Average,Pass,Non-Defective
PCB0070,4.77,0.43,136.18,51.1,8.8,9.4,7.8,Good,Pass,Non-Defective
PCB0124,4.51,0.57,87.4,44.4,8.9,7.9,7.7,Good,Pass,Non-Defective
PCB0097,5.1,0.38,96.99,48.3,6.6,9.1,7.7,Good,Minor_Issue,Non-Defective
PCB0144,5.06,0.67,98.21,50.7,9.6,8.5,7.7,Good,Pass,Non-Defective
PCB0327,5.41,0.5,105.45,57.0,4.5,6.8,9.5,Good,Pass,Non-Defective
PCB0098,5.09,0.48,102.64,37.4,7.1,6.8,7.7,Poor,Pass,Non-Defective
PCB0239,4.77,0.35,104.04,44.4,8.0,7.7,6.7,Good,Minor_Issue,Non-Defective
PCB0069,5.13,0.44,111.85,33.4,9.2,10.0,9.1,Average,Pass,Non-Defective
PCB0024,4.5,0.62,93.47,43.7,7.1,6.5,8.0,Good,Minor_Issue,Non-Defective
PCB0038,4.31,0.33,82.03,35.0,8.6,7.5,9.3,Good,Minor_Issue,Non-Defective
PCB0145,5.09,0.2,133.24,48.5,6.7,7.9,10.0,Poor,Pass,Non-Defective
PCB0123,5.49,0.42,102.39,39.4,9.0,8.2,8.6,Good,Pass,Non-Defective
PCB0183,4.63,0.58,82.59,59.4,5.9,8.0,8.0,Good,Pass,Defective
PCB0068,5.35,0.59,106.02,31.9,7.3,8.0,8.2,Good,Pass,Non-Defective
PCB0199,5.02,0.45,89.72,50.8,9.5,7.4,9.8,Average,Pass,Non-Defective
PCB0325,4.65,0.52,129.4,36.7,10.0,8.2,10.0,Good,Pass,Non-Defective
PCB0220,5.03,0.53,107.63,44.6,6.6,7.9,10.0,Average,Major_Issue,Defective
PCB0318,4.89,0.52,98.96,45.7,7.1,7.4,9.3,Good,Major_Issue,Non-Defective
PCB0196,5.13,0.44,94.94,41.7,6.9,7.3,5.0,Good,Pass,Non-Defective
PCB0126,5.77,0.28,72.58,22.2,9.5,8.9,8.8,Good,Pass,Non-Defective
PCB0147,4.57,0.57,72.54,20.0,9.4,6.1,6.2,Poor,Pass,Non-Defective
PCB0372,5.17,0.43,105.06,28.7,3.9,7.5,7.1,Good,Pass,Non-Defective
PCB0087,5.32,0.42,110.51,23.5,7.3,7.5,7.6,Good,Pass,Non-Defective
PCB0337,4.71,0.53,121.41,44.6,8.4,8.9,7.6,Good,Pass,Non-Defective
PCB0341,4.71,0.28,94.64,39.8,8.4,9.1,8.7,Average,Pass,Non-Defective
PCB0338,4.89,0.62,77.9,35.2,8.7,8.3,8.6,Good,Minor_Issue,Non-Defective
PCB0355,4.99,0.39,129.56,38.0,7.2,9.8,8.0,Good,Pass,Non-Defective
PCB0335,5.34,0.62,95.61,35.8,10.0,9.4,10.0,Average,Minor_Issue,Non-Defective
PCB0303,5.26,0.42,137.59,32.6,9.6,7.7,10.0,Average,Pass,Non-Defective
PCB0184,5.17,0.77,99.14,34.5,9.1,10.0,9.8,Good,Pass,Non-Defective
PCB0204,5.37,0.66,88.36,46.5,5.9,6.5,6.4,Good,Pass,Non-Defective
PCB0284,4.57,0.56,137.38,36.4,7.2,6.9,9.1,Good,Pass,Non-Defective
PCB0212,5.4,0.49,103.56,45.0,8.2,9.0,6.5,Good,Pass,Non-Defective
PCB0283,5.56,0.44,94.21,55.5,6.3,9.8,7.6,Good,Pass,Non-Defective
PCB0130,4.82,0.39,98.82,45.4,10.0,9.1,6.5,Good,Pass,Non-Defective
PCB0039,4.54,0.3,117.72,45.1,10.0,8.2,7.5,Poor,Pass,Non-Defective
PCB0012,4.84,0.37,92.08,33.8,5.8,7.2,10.0,Good,Pass,Defective
PCB0326,4.58,0.48,79.37,49.8,6.7,9.1,8.1,Average,Pass,Non-Defective
PCB0186,5.25,0.53,79.15,42.7,6.0,10.0,7.2,Average,Pass,Non-Defective
PCB0223,5.24,0.73,99.56,36.7,7.7,9.2,8.2,Average,Minor_Issue,Non-Defective
PCB0113,5.02,0.47,104.49,52.5,5.0,8.3,8.9,Good,Minor_Issue,Defective
PCB0180,5.95,0.64,113.69,56.4,7.0,8.2,10.0,Poor,Pass,Defective
PCB0328,5.28,0.54,86.42,53.9,7.6,7.7,10.0,Good,Pass,Non-Defective
PCB0300,5.22,0.48,106.24,45.3,7.6,6.2,10.0,Good,Pass,Non-Defective
PCB0118,4.59,0.38,103.36,37.3,8.3,6.9,5.0,Good,Minor_Issue,Non-Defective
PCB0369,5.03,0.42,110.71,25.9,7.7,6.7,7.4,Poor,Pass,Non-Defective
PCB0278,4.79,0.71,92.29,43.8,7.7,6.7,5.9,Good,Pass,Non-Defective
PCB0385,4.73,0.57,82.19,43.9,9.3,8.2,7.4,Good,Pass,Non-Defective
PCB0288,5.21,0.46,104.3,24.2,8.6,7.9,6.0,Average,Pass,Non-Defective
PCB0363,4.96,0.81,74.99,20.0,8.7,6.2,9.4,Poor,Major_Issue,Defective
PCB0165,5.34,0.64,98.38,50.8,7.7,10.0,6.8,Good,Minor_Issue,Non-Defective
PCB0254,5.36,0.37,104.69,63.4,9.3,8.2,9.5,Poor,Pass,Non-Defective
PCB0137,4.73,0.4,81.62,34.5,6.5,8.3,9.5,Good,Minor_Issue,Non-Defective
PCB0155,5.1,0.54,98.52,34.8,8.7,6.6,6.9,Average,Major_Issue,Non-Defective
PCB0200,4.6,0.55,110.31,34.1,8.0,8.8,7.4,Average,Pass,Non-Defective
PCB0198,5.05,0.38,111.54,31.3,6.9,8.2,8.4,Average,Minor_Issue,Non-Defective
PCB0393,4.54,0.53,89.18,43.9,9.7,6.3,7.5,Good,Pass,Non-Defective
PCB0003,5.23,0.5,101.73,41.1,7.1,7.2,7.3,Good,Pass,Non-Defective
PCB0205,4.52,0.55,112.57,49.0,5.5,7.0,7.2,Good,Pass,Non-Defective
PCB0116,5.11,0.59,105.02,28.2,7.9,7.5,8.6,Good,Major_Issue,Defective
PCB0235,5.75,0.38,91.3,38.5,7.1,6.6,10.0,Good,Pass,Non-Defective
PCB0238,5.07,0.51,73.64,54.5,8.2,7.0,9.4,Poor,Pass,Non-Defective
PCB0027,4.6,0.38,128.43,40.4,7.4,10.0,8.9,Average,Pass,Non-Defective
PCB0121,5.28,0.3,119.33,40.5,8.7,10.0,8.3,Average,Pass,Non-Defective
PCB0358,4.9,0.52,140.54,32.8,10.0,8.4,7.0,Good,Minor_Issue,Non-Defective
PCB0225,4.83,0.69,131.1,30.6,8.2,7.4,8.7,Average,Pass,Non-Defective
PCB0361,5.18,0.43,55.01,39.8,7.9,6.9,9.0,Good,Pass,Non-Defective
PCB0379,5.77,0.49,82.21,33.4,6.9,7.7,8.0,Poor,Pass,Non-Defective
PCB0351,5.11,0.39,82.15,39.1,5.5,9.6,10.0,Average,Minor_Issue,Non-Defective
PCB0380,4.72,0.57,80.14,32.7,8.6,8.5,8.8,Good,Pass,Non-Defective
PCB0128,4.8,0.51,106.79,38.7,9.1,9.6,8.9,Good,Pass,Non-Defective
PCB0075,4.08,0.7,99.4,50.9,10.0,7.4,8.5,Good,Pass,Non-Defective
PCB0323,4.71,0.34,111.5,38.0,6.5,8.8,6.6,Good,Pass,Non-Defective
PCB0030,4.9,0.29,94.93,59.9,9.2,7.6,7.6,Average,Minor_Issue,Defective
PCB0084,4.82,0.52,118.79,48.6,8.5,5.2,7.0,Good,Major_Issue,Defective
PCB0390,4.8,0.3,82.57,40.8,8.6,9.5,8.4,Average,Pass,Non-Defective
PCB0108,5.06,0.4,113.43,39.9,10.0,9.0,9.8,Average,Major_Issue,Non-Defective
PCB0250,5.14,0.58,124.84,40.2,8.6,9.4,9.4,Poor,Pass,Non-Defective
PCB0297,5.31,0.54,101.42,58.6,7.6,8.7,9.6,Average,Pass,Non-Defective
PCB0134,5.17,0.35,60.42,53.4,7.6,9.0,6.8,Good,Pass,Non-Defective
PCB0245,4.58,0.47,96.89,43.6,8.2,10.0,6.6,Good,Pass,Non-Defective
PCB0185,4.92,0.52,99.94,46.7,8.1,5.3,9.6,Average,Minor_Issue,Non-Defective
PCB0291,4.93,0.46,98.71,35.0,8.8,10.0,6.7,Good,Minor_Issue,Non-Defective
PCB0045,4.48,0.34,103.0,34.2,6.5,7.1,7.4,Good,Pass,Non-Defective
PCB0368,5.0,0.71,110.15,44.6,7.8,6.0,8.7,Average,Pass,Non-Defective
PCB0066,5.47,0.47,93.02,27.3,8.0,7.4,9.3,Average,Minor_Issue,Non-Defective
PCB0086,4.82,0.33,133.24,28.0,9.7,6.6,9.3,Good,Minor_Issue,Non-Defective
PCB0243,5.18,0.47,119.42,41.6,7.2,10.0,6.9,Good,Pass,Non-Defective
PCB0187,5.17,0.44,127.06,51.7,7.6,6.3,6.3,Average,Pass,Non-Defective
PCB0160,5.23,0.45,108.06,41.7,9.8,8.9,9.4,Average,Pass,Non-Defective
PCB0013,5.08,0.32,126.05,33.5,9.2,7.2,6.5,Good,Pass,Non-Defective
PCB0036,4.57,0.51,104.22,54.8,7.4,10.0,7.6,Average,Pass,Non-Defective
PCB0029,4.79,0.63,92.44,48.7,8.1,8.5,9.7,Good,Minor_Issue,Non-Defective
PCB0171,4.69,0.5,102.31,38.4,8.1,9.5,8.2,Poor,Pass,Defective
PCB0143,4.44,0.56,111.7,43.9,8.1,8.4,7.8,Good,Pass,Non-Defective
PCB0319,5.11,0.46,103.62,30.8,7.8,7.5,7.3,Good,Pass,Non-Defective
PCB0273,5.41,0.46,101.38,38.8,7.6,7.3,8.5,Good,Pass,Non-Defective
PCB0222,4.35,0.56,89.67,49.7,8.1,7.4,9.2,Average,Pass,Non-Defective
PCB0096,4.49,0.56,111.68,39.1,10.0,8.1,9.2,Good,Pass,Non-Defective
PCB0052,4.87,0.61,90.0,47.5,8.5,7.1,6.9,Good,Pass,Non-Defective
PCB0241,4.72,0.46,130.31,46.0,7.8,8.3,10.0,Good,Pass,Non-Defective
PCB0299,5.28,0.61,116.49,49.2,8.8,9.0,9.0,Good,Pass,Non-Defective
PCB0305,4.99,0.31,119.95,38.5,7.8,10.0,8.4,Good,Major_Issue,Non-Defective
PCB0179,4.91,0.32,71.49,34.5,7.4,10.0,8.5,Good,Pass,Non-Defective
PCB0042,5.06,0.5,112.15,38.2,10.0,7.7,10.0,Good,Pass,Non-Defective
PCB0311,4.92,0.53,96.57,29.7,10.0,7.8,7.0,Good,Pass,Non-Defective
PCB0207,5.18,0.41,116.11,27.2,8.4,10.0,7.3,Good,Major_Issue,Non-Defective
PCB0255,4.47,0.81,90.09,45.1,9.4,6.6,7.2,Good,Pass,Defective
PCB0332,4.69,0.38,107.59,24.1,8.7,8.1,10.0,Good,Pass,Non-Defective
PCB0005,4.92,0.45,92.18,40.4,7.3,5.7,10.0,Good,Major_Issue,Defective
PCB0257,5.44,0.5,99.54,46.8,9.9,9.4,6.6,Good,Pass,Non-Defective
PCB0359,5.11,0.4,117.67,53.4,9.5,5.9,6.5,Good,Pass,Non-Defective
PCB0101,4.5,0.61,106.64,34.0,8.5,8.7,8.9,Average,Minor_Issue,Non-Defective
PCB0227,5.02,0.38,100.68,58.5,6.5,10.0,10.0,Average,Pass,Non-Defective
PCB0342,5.09,0.35,124.76,56.0,7.5,8.7,8.7,Good,Minor_Issue,Non-Defective
PCB0214,5.23,0.36,87.59,59.5,9.3,7.6,8.1,Good,Pass,Non-Defective
PCB0172,4.71,0.7,87.74,55.4,10.0,8.1,6.1,Good,Minor_Issue,Non-Defective
PCB0099,5.0,0.39,121.72,42.4,8.7,6.2,9.2,Average,Major_Issue,Defective
PCB0216,5.27,0.52,103.56,48.4,6.8,8.5,9.0,Good,Pass,Non-Defective
PCB0062,4.94,0.5,72.72,40.7,7.8,8.0,9.1,Average,Pass,Non-Defective
PCB0048,5.37,0.39,144.2,33.1,9.4,8.2,7.8,Average,Pass,Non-Defective
PCB0033,5.0,0.47,81.93,39.2,7.1,8.8,8.1,Good,Minor_Issue,Non-Defective
PCB0268,4.5,0.68,120.89,43.6,9.6,8.6,6.4,Good,Pass,Non-Defective
PCB0201,5.13,0.59,125.19,30.6,10.0,10.0,5.5,Good,Pass,Non-Defective
PCB0357,4.99,0.56,87.61,48.2,5.0,7.7,8.4,Good,Minor_Issue,Defective
PCB0028,5.13,0.58,90.59,38.7,9.8,9.8,8.0,Good,Pass,Non-Defective
PCB0313,5.29,0.43,115.66,33.5,8.9,8.5,8.8,Good,Pass,Non-Defective
PCB0231,4.74,0.3,95.37,42.8,9.0,7.3,8.5,Good,Pass,Non-Defective
PCB0261,4.68,0.43,113.89,38.8,7.8,8.8,6.5,Good,Pass,Non-Defective
PCB0289,5.1,0.59,95.34,26.3,7.3,7.4,9.2,Good,Pass,Non-Defective
PCB0163,5.41,0.6,103.54,41.1,8.1,8.8,6.8,Poor,Pass,Non-Defective
PCB0371,5.01,0.58,113.66,47.1,8.8,8.0,7.8,Average,Pass,Non-Defective
PCB0139,5.28,0.62,104.39,36.5,9.3,6.6,6.4,Average,Minor_Issue,Non-Defective
PCB0063,4.61,0.42,127.86,44.8,5.0,8.7,8.8,Good,Pass,Non-Defective
PCB0136,5.54,0.51,90.96,37.0,5.7,7.5,7.7,Good,Pass,Non-Defective
PCB0129,5.03,0.53,128.18,29.1,8.5,9.1,10.0,Average,Pass,Non-Defective
PCB0009,4.84,0.51,122.6,27.4,8.5,9.1,9.2,Good,Pass,Non-Defective
PCB0065,5.28,0.49,88.97,41.5,9.8,8.5,9.3,Good,Minor_Issue,Non-Defective
PCB0301,4.71,0.44,117.96,47.0,9.0,9.6,8.6,Good,Pass,Non-Defective
PCB0015,4.4,0.54,118.57,37.3,7.7,9.3,9.5,Good,Pass,Non-Defective
PCB0157,5.65,0.44,106.17,35.1,7.8,7.7,4.4,Good,Minor_Issue,Defective
PCB0041,5.26,0.55,99.11,36.6,8.0,7.3,10.0,Good,Minor_Issue,Non-Defective
PCB0367,5.08,0.5,124.92,40.6,7.7,7.5,8.1,Average,Pass,Non-Defective
PCB0324,5.73,0.59,79.43,31.4,8.3,10.0,10.0,Good,Pass,Non-Defective
PCB0217,4.73,0.51,88.27,40.5,5.0,7.6,7.1,Good,Pass,Non-Defective
PCB0280,4.87,0.65,115.3,36.1,6.9,8.8,7.7,Average,Pass,Non-Defective
PCB0347,4.49,0.52,80.27,31.0,8.5,7.6,8.4,Good,Pass,Non-Defective
PCB0237,4.29,0.6,77.94,37.8,6.4,8.2,8.4,Good,Pass,Non-Defective
PCB0208,5.18,0.35,111.43,53.5,8.7,8.7,5.0,Average,Pass,Non-Defective
PCB0213,5.33,0.53,137.35,44.1,10.0,9.3,7.8,Good,Pass,Non-Defective
PCB0296,4.76,0.46,98.55,58.1,7.5,8.9,10.0,Good,Pass,Non-Defective
PCB0365,5.24,0.64,118.41,46.6,8.8,7.4,8.5,Average,Minor_Issue,Non-Defective
PCB0252,5.32,0.64,107.12,55.3,10.0,10.0,10.0,Poor,Major_Issue,Defective
PCB0391,4.69,0.55,101.9,30.4,9.1,5.8,8.9,Good,Minor_Issue,Non-Defective
PCB0366,4.86,0.42,143.92,37.5,8.1,10.0,9.2,Good,Pass,Non-Defective
PCB0304,5.21,0.33,97.49,40.0,8.5,8.5,9.5,Good,Pass,Non-Defective
PCB0270,5.05,0.63,106.24,44.0,7.4,8.1,9.0,Good,Pass,Non-Defective
PCB0202,5.2,0.39,116.64,44.8,7.9,8.0,9.0,Average,Pass,Non-Defective
PCB0162,5.28,0.75,123.92,45.2,9.0,8.5,8.2,Good,Pass,Non-Defective
PCB0044,4.89,0.49,106.88,30.9,8.6,8.4,9.1,Good,Pass,Non-Defective
PCB0218,4.92,0.59,91.29,42.4,7.0,8.1,8.2,Good,Pass,Non-Defective
PCB0191,4.84,0.51,103.75,44.1,5.4,6.1,9.8,Average,Pass,Non-Defective
PCB0310,4.93,0.7,134.45,53.3,8.2,9.4,10.0,Good,Minor_Issue,Non-Defective
PCB0260,5.27,0.48,93.33,46.1,8.4,8.5,8.9,Good,Pass,Non-Defective
PCB0106,5.14,0.44,100.84,31.9,7.7,10.0,6.9,Good,Pass,Non-Defective
PCB0054,5.21,0.56,121.4,43.4,7.5,7.8,7.1,Good,Pass,Non-Defective
PCB0002,4.95,0.43,90.71,36.1,9.9,8.0,8.3,Good,Pass,Non-Defective
PCB0050,4.38,0.37,90.44,26.0,10.0,8.4,7.1,Good,Minor_Issue,Non-Defective
PCB0081,4.92,0.48,145.48,41.2,8.6,8.2,7.3,Good,Pass,Non-Defective
PCB0206,4.67,0.73,107.08,33.2,5.8,8.8,7.8,Good,Minor_Issue,Defective
PCB0035,5.29,0.68,99.38,32.8,7.5,9.6,8.4,Good,Pass,Non-Defective
PCB0264,4.64,0.43,68.69,32.3,5.6,6.8,6.8,Good,Minor_Issue,Defective
PCB0092,5.34,0.68,109.13,62.4,7.3,8.6,7.1,Good,Pass,Non-Defective
PCB0340,4.8,0.62,112.62,20.0,8.1,7.3,9.3,Good,Pass,Non-Defective
PCB0053,4.76,0.38,88.53,22.1,8.3,7.3,8.0,Good,Pass,Non-Defective
PCB0346,5.08,0.41,100.28,44.2,7.5,9.6,7.7,Average,Pass,Non-Defective
PCB0265,4.91,0.41,93.48,34.8,9.8,9.1,8.7,Good,Pass,Non-Defective
PCB0242,4.96,0.7,91.74,50.6,5.4,9.0,7.8,Average,Minor_Issue,Defective
PCB0014,4.33,0.65,103.54,48.1,7.9,7.0,6.8,Average,Minor_Issue,Non-Defective
PCB0316,5.01,0.63,106.57,38.9,7.2,8.7,5.2,Average,Pass,Non-Defective
PCB0089,4.81,0.7,110.63,30.1,8.4,7.6,8.1,Good,Minor_Issue,Non-Defective
PCB0274,5.0,0.46,76.91,40.1,9.1,8.2,7.3,Good,Minor_Issue,Non-Defective
PCB0167,5.29,0.26,87.82,39.8,10.0,7.1,6.7,Good,Pass,Non-Defective
PCB0329,5.22,0.44,98.85,35.6,9.5,9.1,7.1,Good,Pass,Non-Defective
PCB0394,5.64,0.35,105.76,48.1,9.0,7.4,6.8,Good,Pass,Non-Defective
PCB0135,4.68,0.42,107.92,41.3,9.1,7.7,7.5,Poor,Pass,Non-Defective
PCB0307,5.45,0.35,111.03,46.3,5.8,9.0,8.3,Good,Pass,Non-Defective
PCB0384,4.82,0.57,71.73,40.6,9.2,8.1,6.6,Good,Pass,Non-Defective
PCB0320,4.95,0.49,118.91,56.7,7.3,6.8,8.3,Good,Major_Issue,Non-Defective
PCB0244,5.3,0.32,99.31,28.3,8.1,6.2,7.2,Average,Pass,Non-Defective
PCB0055,5.36,0.44,125.57,51.0,8.5,6.5,9.1,Average,Pass,Non-Defective
PCB0051,5.11,0.49,88.78,43.0,8.8,9.3,6.8,Good,Minor_Issue,Non-Defective
PCB0175,5.1,0.6,91.97,53.2,7.0,7.1,10.0,Good,Pass,Non-Defective
PCB0190,4.47,0.4,100.48,33.2,9.9,9.0,8.0,Average,Pass,Non-Defective
PCB0398,5.47,0.58,109.94,58.5,6.8,6.9,5.6,Good,Pass,Defective
PCB0188,4.97,0.4,115.79,54.1,6.9,7.9,7.8,Good,Pass,Non-Defective
PCB0170,4.74,0.46,74.25,32.0,8.8,8.8,7.8,Average,Pass,Non-Defective
PCB0059,5.12,0.43,90.06,33.7,6.6,8.5,8.8,Good,Pass,Non-Defective
PCB0049,5.12,0.44,88.52,42.1,9.7,7.8,7.0,Good,Pass,Non-Defective
PCB0345,4.84,0.56,96.88,34.6,8.9,5.4,4.6,Good,Pass,Non-Defective
PCB0236,5.22,0.3,128.33,42.5,8.5,9.1,9.6,Good,Pass,Non-Defective
PCB0253,5.74,0.47,108.89,42.2,6.3,6.3,8.8,Good,Pass,Non-Defective
PCB0022,4.92,0.71,125.37,42.8,6.0,8.6,9.7,Poor,Pass,Non-Defective
PCB0314,5.28,0.55,108.92,23.2,8.7,8.8,6.1,Good,Pass,Non-Defective
PCB0161,4.66,0.53,111.57,39.9,10.0,6.8,6.7,Average,Pass,Non-Defective
PCB0277,5.07,0.37,71.98,38.9,7.2,9.1,8.6,Average,Pass,Non-Defective
PCB0192,5.3,0.44,63.25,33.9,8.2,8.8,7.5,Good,Minor_Issue,Non-Defective
PCB0294,5.3,0.57,100.94,41.7,7.8,7.1,7.9,Average,Major_Issue,Defective
PCB0344,4.82,0.5,102.26,35.9,7.5,7.5,8.9,Average,Pass,Non-Defective
PCB0258,4.75,0.5,121.11,43.4,7.6,7.7,9.3,Good,Pass,Non-Defective
PCB0309,5.19,0.25,88.77,40.8,6.3,8.9,7.6,Average,Pass,Non-Defective
PCB0150,5.1,0.43,104.38,38.0,9.4,6.1,10.0,Average,Pass,Non-Defective
PCB0131,4.46,0.58,90.01,53.8,7.7,8.8,8.8,Average,Pass,Non-Defective
PCB0152,5.12,0.48,106.34,23.8,8.9,10.0,5.5,Average,Pass,Non-Defective
PCB0360,4.71,0.58,94.15,37.6,8.3,8.7,9.0,Good,Major_Issue,Non-Defective
PCB0100,4.92,0.33,85.3,42.9,8.3,9.3,8.6,Good,Pass,Non-Defective
PCB0373,5.51,0.58,101.88,42.6,8.9,8.4,7.9,Poor,Minor_Issue,Non-Defective
PCB0088,5.12,0.37,93.53,44.6,8.3,8.0,8.0,Good,Pass,Non-Defective
PCB0331,5.0,0.52,105.78,41.3,6.3,7.8,9.8,Poor,Pass,Non-Defective
PCB0215,4.89,0.79,131.25,34.2,7.6,7.6,8.9,Good,Pass,Non-Defective
PCB0122,4.68,0.57,81.52,44.8,7.6,9.2,10.0,Good,Pass,Non-Defective
PCB0400,5.43,0.5,124.55,33.4,7.0,8.3,8.5,Average,Pass,Non-Defective
PCB0021,5.51,0.75,90.69,29.3,8.2,8.3,9.6,Average,Pass,Non-Defective
PCB0189,4.7,0.6,96.02,40.3,8.4,7.6,7.0,Average,Pass,Non-Defective
PCB0072,5.54,0.22,85.63,45.5,7.5,9.8,10.0,Average,Minor_Issue,Non-Defective
PCB0107,5.66,0.43,75.52,40.3,8.9,7.0,10.0,Good,Minor_Issue,Non-Defective
PCB0271,5.5,0.65,99.16,50.8,6.5,8.7,7.1,Average,Minor_Issue,Non-Defective
PCB0349,4.75,0.43,128.7,46.9,9.6,9.1,8.6,Good,Pass,Non-Defective
PCB0103,4.88,0.33,100.52,38.4,8.9,7.1,7.6,Good,Minor_Issue,Non-Defective
